"","Band_3","Band_4","Band_5","Band_6","Band_7","frci","Class","cluster"
"1",0.519,0.498,0.328,0.397,0.255,0,0,1
"2",0.441,0.414,0.074,0.005,0.003,0,0,1
"3",0.511,0.516,0.353,0.395,0.25,0.005,0,1
"4",0.024,0.029,0.743,0.271,0.107,0.078,0,1
"5",0.438,0.425,0.01,0.007,0.009,0,0,1
"6",0.49,0.48,0.328,0.406,0.267,0,0,1
"7",0.441,0.429,0.03,0.004,0.002,0,0,1
"8",0.607,0.657,0.358,0.335,0.173,0,0,1
"9",0.429,0.483,0.503,0.495,0.419,0.02,0,1
"10",0.402,0.527,0.258,0.659,0.596,0.001,0,1
"11",0.406,0.385,0.023,0.007,0.008,0,0,1
"12",0.434,0.418,0.084,0.008,0.005,0.004,0,1
"13",0.565,0.628,0.259,0.172,0.11,0,0,1
"14",0.399,0.369,0.034,0.004,0.003,0,0,1
"15",0.635,0.708,0.358,0.314,0.162,0,0,1
"16",0.402,0.226,0.85,0.61,0.382,0,0,2
"17",0.412,0.395,0.013,0.001,0.003,0,0,1
"18",0.42,0.4,0.023,0.001,0.001,0,0,1
"19",0.624,0.697,0.36,0.288,0.141,0,0,1
"20",0.652,0.726,0.363,0.318,0.161,0,0,1
"21",0.421,0.579,0.265,0.492,0.455,0,0,1
"22",0.365,0.321,0,0.001,0.004,0,0,1
"23",0.418,0.392,0.045,0.012,0.014,0.078,0,1
"24",0.425,0.41,0.008,0.002,0.003,0,0,1
"25",0.528,0.522,0.248,0.151,0.079,0.055,0,1
"26",0.408,0.39,0.009,0.001,0.001,0,0,1
"27",0.378,0.492,0.189,0.428,0.392,0,0,1
"28",0.408,0.378,0.039,0.006,0.006,0,0,1
"29",0.48,0.466,0.074,0.012,0.011,0,0,1
"30",0.409,0.388,0.107,0.037,0.023,0.075,0,1
"31",0.42,0.404,0.015,0.002,0.002,0,0,1
"32",0.603,0.666,0.34,0.372,0.222,0,0,1
"33",0.456,0.446,0.059,0.003,0.004,0,0,1
"34",0.432,0.406,0.017,0.009,0.012,0,0,1
"35",0.445,0.437,0.112,0.033,0.023,0,0,1
"36",0.409,0.392,0.006,0.002,0.004,0,0,1
"37",0.436,0.427,0.029,0.003,0.003,0,0,1
"38",0.433,0.408,0.059,0.007,0.006,0,0,1
"39",0.423,0.403,0.002,0.001,0,0,0,1
"40",0.656,0.738,0.374,0.32,0.158,0,0,1
"41",0.507,0.577,0.473,0.639,0.539,0.092,0,1
"42",0.618,0.652,0.365,0.342,0.172,0,0,1
"43",0.592,0.632,0.325,0.34,0.204,0,0,1
"44",0.438,0.256,0.884,0.6,0.388,0,0,2
"45",0.427,0.407,0.004,0.002,0.005,0,0,1
"46",0.396,0.37,0.008,0.003,0.003,0,0,1
"47",0.651,0.73,0.368,0.292,0.137,0,0,1
"48",0.363,0.462,0.281,0.672,0.593,0.004,0,1
"49",0.455,0.451,0.041,0.003,0.004,0,0,1
"50",0.43,0.412,0.013,0.002,0.004,0,0,1
"51",0.415,0.386,0.037,0.007,0.007,0,0,1
"52",0.526,0.527,0.319,0.405,0.271,0,0,1
"53",0.369,0.49,0.21,0.512,0.471,0,0,1
"54",0.509,0.527,0.326,0.365,0.232,0,0,1
"55",0.436,0.428,0.015,0.003,0.003,0,0,1
"56",0.466,0.617,0.315,0.595,0.536,0,0,1
"57",0.429,0.557,0.239,0.573,0.553,0,0,1
"58",0.407,0.405,0.11,0.029,0.02,0.002,0,1
"59",0.568,0.66,0.441,0.584,0.54,0.008,0,1
"60",0.564,0.612,0.391,0.357,0.193,0,0,1
"61",0.506,0.529,0.145,0.014,0.011,0,0,1
"62",0.502,0.521,0.159,0.024,0.016,0,0,1
"63",0.384,0.484,0.379,0.458,0.382,0.019,0,1
"64",0.524,0.466,0.356,0.383,0.231,0,0,1
"65",0.399,0.377,0.01,0.005,0.006,0,0,1
"66",0.533,0.518,0.338,0.389,0.243,0,0,1
"67",0.443,0.428,0.034,0.007,0.006,0,0,1
"68",0.447,0.427,0.077,0.008,0.006,0,0,1
"69",0.402,0.383,0.004,0.001,0,0,0,1
"70",0.477,0.529,0.308,0.387,0.261,0,0,1
"71",0.636,0.711,0.364,0.306,0.151,0,0,1
"72",0.509,0.514,0.308,0.244,0.131,0,0,1
"73",0.44,0.42,0.076,0.022,0.016,0,0,1
"74",0.561,0.618,0.251,0.178,0.112,0,0,1
"75",0.526,0.504,0.34,0.362,0.218,0,0,1
"76",0.544,0.547,0.32,0.363,0.23,0,0,1
"77",0.413,0.384,0,0.003,0.005,0,0,1
"78",0.416,0.385,0.033,0.005,0.004,0,0,1
"79",0.366,0.482,0.265,0.672,0.613,0,0,1
"80",0.503,0.599,0.367,0.553,0.497,0,0,1
"81",0.419,0.531,0.244,0.626,0.581,0,0,1
"82",0.313,0.399,0.216,0.477,0.426,0.001,0,1
"83",0.436,0.42,0.027,0.002,0.002,0,0,1
"84",0.519,0.509,0.319,0.377,0.248,0,0,1
"85",0.584,0.591,0.379,0.324,0.163,0.008,0,1
"86",0.458,0.471,0.019,0,0.001,0,0,1
"87",0.433,0.413,0.061,0.008,0.006,0,0,1
"88",0.475,0.493,0.077,0.006,0.006,0,0,1
"89",0.449,0.605,0.283,0.601,0.57,0,0,1
"90",0.591,0.65,0.339,0.339,0.187,0,0,1
"91",0.423,0.39,0.028,0.002,0.004,0,0,1
"92",0.404,0.371,0.059,0.014,0.013,0,0,1
"93",0.408,0.382,0.036,0.008,0.009,0,0,1
"94",0.327,0.396,0.464,0.443,0.357,0,0,1
"95",0.413,0.388,0.001,0,0.002,0,0,1
"96",0.337,0.464,0.357,0.39,0.32,0.017,0,1
"97",0.46,0.291,0.863,0.566,0.354,0,0,2
"98",0.572,0.608,0.314,0.389,0.253,0,0,1
"99",0.525,0.572,0.255,0.325,0.235,0,0,1
"100",0.452,0.456,0.105,0.014,0.013,0,0,1
"101",0.418,0.407,0.007,0.001,0.003,0,0,1
"102",0.506,0.527,0.136,0.012,0.012,0,0,1
"103",0.404,0.379,0.013,0.004,0.006,0,0,1
"104",0.421,0.521,0.372,0.504,0.433,0.014,0,1
"105",0.072,0.065,0.702,0.298,0.147,0.169,0.111,1
"106",0.478,0.473,0.411,0.298,0.147,0.162,0.111,1
"107",0.584,0.655,0.391,0.28,0.13,0.115,0.111,1
"108",0.389,0.405,0.317,0.342,0.228,0.147,0.111,1
"109",0.416,0.406,0.179,0.055,0.031,0.169,0.111,1
"110",0.44,0.42,0.338,0.327,0.215,0.107,0.111,1
"111",0.456,0.455,0.357,0.397,0.255,0.103,0.111,1
"112",0.275,0.323,0.559,0.567,0.426,0.158,0.111,1
"113",0.154,0.153,0.616,0.373,0.213,0.173,0.111,1
"114",0.241,0.269,0.437,0.447,0.352,0.104,0.111,1
"115",0.513,0.533,0.505,0.379,0.201,0.127,0.111,1
"116",0.43,0.446,0.352,0.352,0.226,0.14,0.111,1
"117",0.31,0.348,0.517,0.598,0.475,0.141,0.111,1
"118",0.15,0.136,0.711,0.358,0.182,0.183,0.111,1
"119",0.436,0.416,0.371,0.337,0.21,0.119,0.111,1
"120",0.267,0.305,0.344,0.24,0.145,0.173,0.111,1
"121",0.286,0.239,0.628,0.328,0.162,0.173,0.111,1
"122",0.433,0.493,0.372,0.301,0.21,0.103,0.111,1
"123",0.161,0.161,0.657,0.347,0.193,0.132,0.111,1
"124",0.511,0.509,0.332,0.369,0.234,0.154,0.111,1
"125",0.319,0.406,0.469,0.615,0.506,0.126,0.111,1
"126",0.393,0.385,0.178,0.08,0.044,0.157,0.111,1
"127",0.356,0.349,0.379,0.247,0.112,0.116,0.111,1
"128",0.37,0.451,0.492,0.562,0.44,0.144,0.111,1
"129",0.141,0.122,0.665,0.357,0.179,0.142,0.111,1
"130",0.267,0.297,0.485,0.389,0.283,0.127,0.111,1
"131",0.432,0.498,0.383,0.264,0.143,0.107,0.111,1
"132",0.44,0.454,0.341,0.354,0.231,0.193,0.111,1
"133",0.447,0.432,0.15,0.039,0.028,0.113,0.111,1
"134",0.185,0.207,0.632,0.35,0.217,0.173,0.111,1
"135",0.526,0.621,0.315,0.335,0.234,0.116,0.111,1
"136",0.162,0.189,0.394,0.405,0.315,0.129,0.111,1
"137",0.447,0.431,0.258,0.127,0.066,0.169,0.111,1
"138",0.171,0.184,0.435,0.373,0.276,0.136,0.111,1
"139",0.466,0.506,0.353,0.346,0.225,0.116,0.111,1
"140",0.202,0.231,0.416,0.475,0.371,0.119,0.111,1
"141",0.518,0.572,0.413,0.306,0.162,0.155,0.111,1
"142",0.413,0.38,0.409,0.389,0.231,0.171,0.111,1
"143",0.446,0.423,0.197,0.072,0.045,0.129,0.111,1
"144",0.244,0.249,0.391,0.263,0.154,0.183,0.111,1
"145",0.389,0.374,0.414,0.343,0.189,0.128,0.111,1
"146",0.036,0.031,0.709,0.263,0.106,0.16,0.111,1
"147",0.172,0.167,0.699,0.355,0.193,0.122,0.111,1
"148",0.162,0.16,0.544,0.366,0.22,0.156,0.111,1
"149",0.41,0.406,0.215,0.048,0.026,0.102,0.111,1
"150",0.482,0.491,0.355,0.39,0.247,0.111,0.111,1
"151",0.339,0.396,0.517,0.464,0.358,0.185,0.111,1
"152",0.417,0.395,0.211,0.075,0.043,0.126,0.111,1
"153",0.387,0.37,0.592,0.353,0.182,0.15,0.111,1
"154",0.092,0.075,0.764,0.301,0.144,0.196,0.111,1
"155",0.451,0.447,0.364,0.218,0.109,0.199,0.111,1
"156",0.423,0.479,0.431,0.467,0.434,0.123,0.111,1
"157",0.533,0.577,0.371,0.316,0.169,0.117,0.111,1
"158",0.41,0.386,0.18,0.066,0.037,0.136,0.111,1
"159",0.33,0.379,0.543,0.487,0.358,0.144,0.111,1
"160",0.457,0.441,0.134,0.046,0.036,0.114,0.111,1
"161",0.452,0.44,0.217,0.14,0.076,0.13,0.111,1
"162",0.328,0.347,0.491,0.521,0.431,0.137,0.111,1
"163",0.175,0.169,0.624,0.333,0.165,0.163,0.111,1
"164",0.486,0.476,0.331,0.381,0.251,0.174,0.111,1
"165",0.201,0.235,0.367,0.439,0.349,0.166,0.111,1
"166",0.464,0.479,0.303,0.121,0.057,0.18,0.111,1
"167",0.121,0.081,0.697,0.334,0.155,0.138,0.111,1
"168",0.214,0.261,0.355,0.542,0.435,0.137,0.111,1
"169",0.025,0.029,0.683,0.265,0.109,0.151,0.111,1
"170",0.457,0.44,0.263,0.163,0.09,0.129,0.111,1
"171",0.428,0.409,0.235,0.085,0.057,0.151,0.111,1
"172",0.245,0.292,0.503,0.476,0.334,0.111,0.111,1
"173",0.233,0.279,0.372,0.531,0.441,0.191,0.111,1
"174",0.38,0.291,0.825,0.521,0.373,0.113,0.111,2
"175",0.506,0.501,0.377,0.268,0.128,0.164,0.111,1
"176",0.401,0.393,0.263,0.096,0.05,0.176,0.111,1
"177",0.452,0.461,0.347,0.393,0.256,0.11,0.111,1
"178",0.388,0.46,0.442,0.438,0.362,0.152,0.111,1
"179",0.181,0.221,0.402,0.43,0.318,0.194,0.111,1
"180",0.145,0.16,0.548,0.338,0.191,0.108,0.111,1
"181",0.147,0.135,0.609,0.312,0.157,0.178,0.111,1
"182",0.319,0.372,0.537,0.537,0.435,0.173,0.111,1
"183",0.321,0.391,0.429,0.463,0.382,0.131,0.111,1
"184",0.285,0.327,0.538,0.634,0.488,0.119,0.111,1
"185",0.392,0.384,0.153,0.046,0.028,0.193,0.111,1
"186",0.525,0.578,0.411,0.285,0.133,0.163,0.111,1
"187",0.149,0.147,0.605,0.325,0.181,0.175,0.111,1
"188",0.096,0.097,0.524,0.26,0.135,0.12,0.111,1
"189",0.351,0.401,0.469,0.529,0.43,0.158,0.111,1
"190",0.408,0.39,0.266,0.098,0.046,0.133,0.111,1
"191",0.223,0.268,0.37,0.47,0.381,0.196,0.111,1
"192",0.145,0.16,0.613,0.383,0.241,0.145,0.111,1
"193",0.42,0.457,0.509,0.467,0.368,0.128,0.111,1
"194",0.037,0.036,0.662,0.264,0.108,0.193,0.111,1
"195",0.312,0.311,0.357,0.309,0.182,0.174,0.111,1
"196",0.127,0.145,0.543,0.329,0.173,0.112,0.111,1
"197",0.518,0.579,0.403,0.263,0.117,0.166,0.111,1
"198",0.346,0.339,0.395,0.321,0.201,0.161,0.111,1
"199",0.408,0.405,0.136,0.054,0.035,0.11,0.111,1
"200",0.236,0.267,0.394,0.505,0.392,0.138,0.111,1
"201",0.273,0.286,0.321,0.275,0.168,0.197,0.111,1
"202",0.455,0.446,0.125,0.029,0.023,0.105,0.111,1
"203",0.274,0.287,0.523,0.47,0.345,0.195,0.111,1
"204",0.309,0.322,0.377,0.281,0.185,0.168,0.111,1
"205",0.277,0.307,0.601,0.472,0.334,0.2,0.111,1
"206",0.358,0.279,0.795,0.541,0.346,0.151,0.111,2
"207",0.536,0.594,0.43,0.331,0.182,0.193,0.111,1
"208",0.063,0.053,0.671,0.256,0.118,0.142,0.111,1
"209",0.191,0.188,0.621,0.335,0.196,0.138,0.111,1
"210",0.099,0.083,0.701,0.297,0.139,0.144,0.111,1
"211",0.132,0.144,0.455,0.226,0.125,0.282,0.222,1
"212",0.118,0.081,0.712,0.315,0.142,0.258,0.222,1
"213",0.053,0.031,0.724,0.265,0.107,0.265,0.222,1
"214",0.278,0.316,0.367,0.556,0.458,0.291,0.222,1
"215",0.245,0.296,0.547,0.453,0.314,0.293,0.222,1
"216",0.145,0.151,0.667,0.385,0.215,0.206,0.222,1
"217",0.169,0.194,0.409,0.353,0.245,0.231,0.222,1
"218",0.243,0.27,0.524,0.353,0.269,0.3,0.222,1
"219",0.286,0.297,0.34,0.287,0.175,0.252,0.222,1
"220",0.17,0.216,0.461,0.388,0.266,0.279,0.222,1
"221",0.099,0.09,0.681,0.31,0.148,0.262,0.222,1
"222",0.457,0.441,0.45,0.306,0.148,0.243,0.222,1
"223",0.374,0.404,0.395,0.296,0.178,0.231,0.222,1
"224",0.099,0.07,0.712,0.301,0.14,0.244,0.222,1
"225",0.132,0.15,0.555,0.406,0.261,0.244,0.222,1
"226",0.112,0.085,0.699,0.328,0.163,0.276,0.222,1
"227",0.268,0.312,0.413,0.581,0.476,0.289,0.222,1
"228",0.106,0.085,0.702,0.314,0.138,0.24,0.222,1
"229",0.182,0.187,0.428,0.252,0.146,0.282,0.222,1
"230",0.116,0.103,0.584,0.275,0.142,0.269,0.222,1
"231",0.229,0.27,0.45,0.428,0.337,0.245,0.222,1
"232",0.206,0.202,0.552,0.443,0.301,0.29,0.222,1
"233",0.384,0.365,0.212,0.079,0.054,0.287,0.222,1
"234",0.399,0.391,0.386,0.37,0.224,0.263,0.222,1
"235",0.194,0.203,0.454,0.425,0.296,0.26,0.222,1
"236",0.107,0.101,0.654,0.312,0.163,0.257,0.222,1
"237",0.399,0.395,0.362,0.339,0.223,0.215,0.222,1
"238",0.218,0.251,0.598,0.338,0.218,0.281,0.222,1
"239",0.134,0.121,0.658,0.341,0.183,0.272,0.222,1
"240",0.481,0.469,0.594,0.353,0.168,0.273,0.222,1
"241",0.292,0.29,0.523,0.297,0.154,0.203,0.222,1
"242",0.241,0.246,0.386,0.273,0.162,0.24,0.222,1
"243",0.468,0.455,0.22,0.112,0.077,0.217,0.222,1
"244",0.24,0.272,0.597,0.531,0.366,0.267,0.222,1
"245",0.251,0.313,0.45,0.388,0.279,0.202,0.222,1
"246",0.344,0.362,0.379,0.253,0.154,0.244,0.222,1
"247",0.134,0.142,0.47,0.388,0.251,0.279,0.222,1
"248",0.321,0.355,0.359,0.315,0.203,0.288,0.222,1
"249",0.273,0.189,0.696,0.451,0.292,0.238,0.222,1
"250",0.443,0.445,0.496,0.318,0.171,0.256,0.222,1
"251",0.471,0.52,0.45,0.312,0.16,0.217,0.222,1
"252",0.198,0.225,0.496,0.308,0.21,0.259,0.222,1
"253",0.312,0.367,0.502,0.568,0.42,0.255,0.222,1
"254",0.544,0.585,0.444,0.297,0.147,0.231,0.222,1
"255",0.145,0.187,0.418,0.364,0.253,0.284,0.222,1
"256",0.398,0.434,0.511,0.471,0.377,0.279,0.222,1
"257",0.41,0.422,0.377,0.332,0.192,0.208,0.222,1
"258",0.138,0.122,0.714,0.358,0.174,0.22,0.222,1
"259",0.394,0.408,0.416,0.273,0.138,0.266,0.222,1
"260",0.425,0.435,0.629,0.622,0.458,0.292,0.222,1
"261",0.058,0.05,0.708,0.287,0.122,0.264,0.222,1
"262",0.094,0.081,0.679,0.291,0.143,0.265,0.222,1
"263",0.17,0.207,0.402,0.394,0.312,0.275,0.222,1
"264",0.056,0.044,0.713,0.3,0.126,0.23,0.222,1
"265",0.081,0.09,0.487,0.265,0.14,0.219,0.222,1
"266",0.126,0.109,0.635,0.303,0.146,0.279,0.222,1
"267",0.283,0.289,0.478,0.315,0.199,0.297,0.222,1
"268",0.09,0.095,0.574,0.279,0.142,0.238,0.222,1
"269",0.271,0.299,0.528,0.388,0.267,0.214,0.222,1
"270",0.28,0.28,0.566,0.403,0.278,0.246,0.222,1
"271",0.129,0.125,0.635,0.356,0.201,0.233,0.222,1
"272",0.036,0.031,0.707,0.246,0.099,0.283,0.222,1
"273",0.134,0.113,0.626,0.368,0.191,0.237,0.222,1
"274",0.003,0.032,0.607,0.252,0.106,0.279,0.222,1
"275",0.233,0.115,0.88,0.392,0.195,0.288,0.222,1
"276",0.441,0.393,0.657,0.38,0.19,0.205,0.222,1
"277",0.354,0.34,0.385,0.325,0.2,0.283,0.222,1
"278",0.288,0.205,0.746,0.353,0.152,0.294,0.222,1
"279",0.095,0.084,0.692,0.32,0.159,0.224,0.222,1
"280",0.291,0.324,0.37,0.242,0.152,0.21,0.222,1
"281",0.099,0.071,0.794,0.324,0.154,0.212,0.222,1
"282",0.512,0.579,0.453,0.294,0.136,0.272,0.222,1
"283",0.059,0.05,0.712,0.277,0.116,0.225,0.222,1
"284",0.126,0.136,0.591,0.285,0.162,0.229,0.222,1
"285",0.234,0.25,0.435,0.484,0.374,0.221,0.222,1
"286",0.324,0.323,0.385,0.297,0.187,0.299,0.222,1
"287",0.419,0.395,0.358,0.184,0.093,0.218,0.222,1
"288",0.032,0.032,0.708,0.277,0.115,0.266,0.222,1
"289",0.263,0.289,0.305,0.226,0.141,0.209,0.222,1
"290",0.132,0.143,0.529,0.349,0.203,0.239,0.222,1
"291",0.102,0.12,0.46,0.257,0.128,0.231,0.222,1
"292",0.052,0.032,0.729,0.277,0.113,0.237,0.222,1
"293",0.125,0.115,0.701,0.331,0.164,0.261,0.222,1
"294",0.216,0.191,0.64,0.398,0.27,0.258,0.222,1
"295",0.195,0.191,0.546,0.442,0.297,0.252,0.222,1
"296",0.406,0.405,0.365,0.363,0.229,0.211,0.222,1
"297",0.412,0.491,0.358,0.245,0.127,0.276,0.222,1
"298",0.266,0.297,0.391,0.549,0.437,0.249,0.222,1
"299",0.201,0.253,0.375,0.452,0.364,0.201,0.222,1
"300",0.159,0.16,0.545,0.385,0.234,0.239,0.222,1
"301",0.382,0.407,0.38,0.326,0.225,0.218,0.222,1
"302",0.069,0.084,0.496,0.263,0.164,0.3,0.222,1
"303",0.103,0.067,0.72,0.284,0.128,0.256,0.222,1
"304",0.096,0.084,0.586,0.275,0.14,0.263,0.222,1
"305",0.167,0.191,0.416,0.405,0.289,0.251,0.222,1
"306",0.158,0.131,0.63,0.326,0.17,0.226,0.222,1
"307",0.122,0.112,0.664,0.367,0.196,0.235,0.222,1
"308",0.053,0.046,0.655,0.261,0.123,0.259,0.222,1
"309",0.164,0.095,0.708,0.318,0.15,0.282,0.222,1
"310",0.234,0.271,0.353,0.303,0.184,0.288,0.222,1
"311",0.306,0.363,0.424,0.476,0.379,0.225,0.222,1
"312",0.411,0.429,0.379,0.32,0.201,0.241,0.222,1
"313",0.167,0.176,0.452,0.409,0.283,0.25,0.222,1
"314",0.213,0.22,0.46,0.278,0.172,0.36,0.333,1
"315",0.359,0.318,0.637,0.362,0.19,0.327,0.333,1
"316",0.079,0.058,0.614,0.277,0.123,0.363,0.333,1
"317",0.087,0.081,0.64,0.293,0.143,0.322,0.333,1
"318",0.322,0.333,0.323,0.28,0.172,0.319,0.333,1
"319",0.335,0.324,0.561,0.341,0.186,0.332,0.333,1
"320",0.267,0.255,0.629,0.389,0.253,0.342,0.333,1
"321",0.067,0.066,0.662,0.28,0.132,0.397,0.333,1
"322",0.173,0.18,0.593,0.305,0.19,0.36,0.333,1
"323",0.311,0.314,0.337,0.302,0.193,0.367,0.333,1
"324",0.12,0.083,0.712,0.309,0.143,0.32,0.333,1
"325",0.107,0.108,0.617,0.325,0.181,0.372,0.333,1
"326",0.13,0.098,0.757,0.336,0.185,0.377,0.333,1
"327",0.434,0.43,0.257,0.119,0.063,0.355,0.333,1
"328",0.062,0.041,0.719,0.276,0.117,0.394,0.333,1
"329",0.112,0.083,0.579,0.273,0.134,0.393,0.333,1
"330",0.384,0.319,0.687,0.359,0.162,0.373,0.333,1
"331",0.449,0.446,0.31,0.214,0.12,0.337,0.333,1
"332",0.251,0.179,0.72,0.337,0.154,0.308,0.333,1
"333",0.131,0.073,0.768,0.295,0.117,0.372,0.333,1
"334",0.369,0.352,0.429,0.327,0.199,0.388,0.333,1
"335",0.09,0.064,0.698,0.3,0.131,0.324,0.333,1
"336",0.056,0.05,0.668,0.262,0.109,0.311,0.333,1
"337",0.077,0.045,0.759,0.304,0.128,0.362,0.333,1
"338",0.348,0.388,0.376,0.368,0.238,0.308,0.333,1
"339",0.133,0.125,0.625,0.329,0.17,0.395,0.333,1
"340",0.128,0.12,0.671,0.328,0.179,0.367,0.333,1
"341",0.088,0.055,0.682,0.268,0.117,0.374,0.333,1
"342",0.173,0.163,0.584,0.404,0.245,0.386,0.333,1
"343",0.204,0.235,0.374,0.231,0.146,0.318,0.333,1
"344",0.164,0.179,0.435,0.254,0.146,0.384,0.333,1
"345",0.105,0.076,0.707,0.288,0.133,0.343,0.333,1
"346",0.067,0.038,0.692,0.272,0.115,0.376,0.333,1
"347",0.266,0.253,0.401,0.285,0.179,0.345,0.333,1
"348",0.126,0.116,0.621,0.327,0.183,0.342,0.333,1
"349",0.194,0.213,0.479,0.417,0.297,0.35,0.333,1
"350",0.193,0.198,0.567,0.291,0.186,0.39,0.333,1
"351",0.279,0.322,0.605,0.565,0.416,0.329,0.333,1
"352",0.344,0.347,0.473,0.283,0.144,0.351,0.333,1
"353",0.088,0.079,0.654,0.307,0.152,0.356,0.333,1
"354",0.095,0.067,0.664,0.239,0.107,0.353,0.333,1
"355",0.449,0.432,0.4,0.227,0.115,0.342,0.333,1
"356",0.08,0.074,0.683,0.29,0.139,0.39,0.333,1
"357",0.34,0.357,0.477,0.321,0.213,0.32,0.333,1
"358",0.299,0.307,0.414,0.333,0.199,0.398,0.333,1
"359",0.11,0.075,0.751,0.321,0.144,0.392,0.333,1
"360",0.299,0.296,0.389,0.281,0.174,0.357,0.333,1
"361",0.429,0.42,0.256,0.12,0.071,0.32,0.333,1
"362",0.098,0.088,0.629,0.298,0.156,0.349,0.333,1
"363",0.078,0.075,0.667,0.285,0.136,0.317,0.333,1
"364",0.397,0.351,0.671,0.385,0.182,0.351,0.333,1
"365",0.105,0.091,0.67,0.325,0.163,0.37,0.333,1
"366",0.162,0.179,0.463,0.244,0.125,0.385,0.333,1
"367",0.041,0.031,0.742,0.284,0.116,0.301,0.333,1
"368",0.392,0.389,0.261,0.124,0.066,0.393,0.333,1
"369",0.138,0.087,0.748,0.319,0.148,0.363,0.333,1
"370",0.363,0.342,0.42,0.344,0.202,0.366,0.333,1
"371",0.374,0.354,0.412,0.266,0.141,0.325,0.333,1
"372",0.391,0.38,0.453,0.276,0.148,0.355,0.333,1
"373",0.325,0.342,0.454,0.338,0.195,0.376,0.333,1
"374",0.122,0.082,0.787,0.335,0.166,0.324,0.333,1
"375",0.438,0.498,0.436,0.287,0.157,0.338,0.333,1
"376",0.078,0.066,0.67,0.3,0.14,0.313,0.333,1
"377",0.167,0.185,0.515,0.403,0.271,0.332,0.333,1
"378",0.099,0.076,0.736,0.304,0.144,0.303,0.333,1
"379",0.154,0.143,0.631,0.302,0.159,0.347,0.333,1
"380",0.108,0.111,0.583,0.256,0.139,0.377,0.333,1
"381",0.116,0.098,0.648,0.309,0.171,0.378,0.333,1
"382",0.222,0.223,0.585,0.344,0.23,0.328,0.333,1
"383",0.12,0.109,0.695,0.309,0.156,0.338,0.333,1
"384",0.042,0.05,0.69,0.273,0.12,0.391,0.333,1
"385",0.112,0.105,0.549,0.279,0.132,0.359,0.333,1
"386",0.125,0.129,0.571,0.316,0.197,0.349,0.333,1
"387",0.155,0.169,0.394,0.244,0.139,0.378,0.333,1
"388",0.21,0.197,0.529,0.349,0.223,0.301,0.333,1
"389",0.277,0.262,0.425,0.326,0.187,0.363,0.333,1
"390",0.186,0.217,0.393,0.411,0.293,0.367,0.333,1
"391",0.08,0.069,0.666,0.302,0.141,0.384,0.333,1
"392",0.119,0.12,0.535,0.292,0.166,0.378,0.333,1
"393",0.188,0.211,0.425,0.241,0.146,0.323,0.333,1
"394",0.094,0.075,0.712,0.318,0.151,0.316,0.333,1
"395",0.105,0.082,0.624,0.286,0.15,0.366,0.333,1
"396",0.159,0.151,0.65,0.371,0.214,0.338,0.333,1
"397",0.111,0.103,0.653,0.338,0.169,0.318,0.333,1
"398",0.106,0.102,0.684,0.318,0.161,0.342,0.333,1
"399",0.08,0.078,0.642,0.303,0.146,0.32,0.333,1
"400",0.111,0.086,0.693,0.271,0.125,0.366,0.333,1
"401",0.398,0.363,0.427,0.235,0.115,0.389,0.333,1
"402",0.086,0.069,0.672,0.282,0.136,0.334,0.333,1
"403",0.187,0.199,0.506,0.447,0.296,0.312,0.333,1
"404",0.053,0.034,0.73,0.288,0.116,0.318,0.333,1
"405",0.389,0.384,0.396,0.343,0.205,0.325,0.333,1
"406",0.408,0.435,0.378,0.335,0.201,0.372,0.333,1
"407",0.266,0.326,0.485,0.429,0.336,0.399,0.333,1
"408",0.162,0.118,0.692,0.279,0.128,0.331,0.333,1
"409",0.125,0.119,0.593,0.251,0.127,0.359,0.333,1
"410",0.295,0.333,0.303,0.349,0.23,0.396,0.333,1
"411",0.221,0.252,0.382,0.276,0.173,0.348,0.333,1
"412",0.215,0.214,0.678,0.443,0.286,0.306,0.333,1
"413",0.061,0.061,0.648,0.273,0.126,0.33,0.333,1
"414",0.102,0.092,0.674,0.294,0.15,0.399,0.333,1
"415",0.189,0.209,0.415,0.244,0.148,0.344,0.333,1
"416",0.339,0.327,0.402,0.206,0.111,0.38,0.333,1
"417",0.373,0.35,0.313,0.126,0.073,0.363,0.333,1
"418",0.084,0.08,0.691,0.301,0.144,0.32,0.333,1
"419",0.097,0.087,0.735,0.299,0.145,0.371,0.333,1
"420",0.107,0.108,0.544,0.277,0.14,0.306,0.333,1
"421",0.07,0.08,0.54,0.257,0.131,0.367,0.333,1
"422",0.11,0.09,0.656,0.347,0.179,0.348,0.333,1
"423",0.13,0.106,0.678,0.351,0.195,0.415,0.444,1
"424",0.23,0.267,0.615,0.482,0.342,0.498,0.444,1
"425",0.092,0.064,0.716,0.283,0.129,0.458,0.444,1
"426",0.049,0.031,0.769,0.288,0.116,0.423,0.444,1
"427",0.084,0.063,0.701,0.289,0.123,0.413,0.444,1
"428",0.406,0.413,0.499,0.363,0.232,0.405,0.444,1
"429",0.373,0.344,0.431,0.262,0.127,0.403,0.444,1
"430",0.167,0.166,0.408,0.245,0.143,0.426,0.444,1
"431",0.299,0.27,0.502,0.275,0.154,0.409,0.444,1
"432",0.129,0.16,0.552,0.325,0.189,0.442,0.444,1
"433",0.182,0.153,0.74,0.342,0.205,0.487,0.444,1
"434",0.091,0.09,0.58,0.29,0.158,0.487,0.444,1
"435",0.168,0.157,0.508,0.241,0.135,0.442,0.444,1
"436",0.149,0.117,0.689,0.31,0.145,0.46,0.444,1
"437",0.216,0.231,0.413,0.264,0.168,0.436,0.444,1
"438",0.104,0.096,0.676,0.343,0.171,0.493,0.444,1
"439",0.128,0.133,0.589,0.315,0.193,0.47,0.444,1
"440",0.437,0.413,0.357,0.232,0.116,0.434,0.444,1
"441",0.118,0.097,0.735,0.311,0.15,0.416,0.444,1
"442",0.12,0.113,0.618,0.273,0.144,0.43,0.444,1
"443",0.103,0.092,0.689,0.321,0.168,0.5,0.444,1
"444",0.108,0.093,0.621,0.273,0.134,0.482,0.444,1
"445",0.315,0.293,0.287,0.099,0.052,0.401,0.444,1
"446",0.112,0.097,0.668,0.335,0.162,0.488,0.444,1
"447",0.206,0.181,0.542,0.316,0.201,0.433,0.444,1
"448",0.3,0.263,0.535,0.279,0.137,0.401,0.444,1
"449",0.355,0.39,0.416,0.292,0.187,0.466,0.444,1
"450",0.212,0.149,0.876,0.398,0.22,0.473,0.444,1
"451",0.432,0.436,0.538,0.281,0.135,0.482,0.444,1
"452",0.25,0.26,0.414,0.292,0.17,0.407,0.444,1
"453",0.425,0.407,0.368,0.16,0.095,0.442,0.444,1
"454",0.137,0.151,0.456,0.338,0.22,0.456,0.444,1
"455",0.06,0.065,0.592,0.241,0.117,0.485,0.444,1
"456",0.191,0.194,0.356,0.266,0.165,0.468,0.444,1
"457",0.175,0.18,0.526,0.451,0.309,0.494,0.444,1
"458",0.067,0.066,0.58,0.225,0.108,0.498,0.444,1
"459",0.193,0.195,0.64,0.425,0.271,0.465,0.444,1
"460",0.102,0.083,0.616,0.265,0.126,0.488,0.444,1
"461",0.078,0.037,0.817,0.305,0.122,0.469,0.444,1
"462",0.068,0.058,0.649,0.297,0.138,0.422,0.444,1
"463",0.103,0.082,0.702,0.308,0.146,0.416,0.444,1
"464",0.054,0.044,0.741,0.293,0.124,0.461,0.444,1
"465",0.214,0.223,0.572,0.351,0.218,0.473,0.444,1
"466",0.16,0.157,0.683,0.413,0.256,0.496,0.444,1
"467",0.071,0.059,0.669,0.282,0.13,0.466,0.444,1
"468",0.054,0.052,0.685,0.286,0.123,0.406,0.444,1
"469",0.274,0.268,0.529,0.282,0.146,0.499,0.444,1
"470",0.088,0.088,0.604,0.31,0.165,0.472,0.444,1
"471",0.106,0.124,0.448,0.22,0.122,0.474,0.444,1
"472",0.356,0.407,0.407,0.236,0.13,0.41,0.444,1
"473",0.051,0.048,0.671,0.232,0.105,0.471,0.444,1
"474",0.265,0.278,0.454,0.303,0.17,0.442,0.444,1
"475",0.113,0.112,0.59,0.346,0.197,0.446,0.444,1
"476",0.118,0.106,0.599,0.315,0.16,0.431,0.444,1
"477",0.241,0.227,0.626,0.41,0.258,0.401,0.444,1
"478",0.158,0.187,0.483,0.417,0.298,0.422,0.444,1
"479",0.121,0.082,0.731,0.315,0.144,0.462,0.444,1
"480",0.137,0.128,0.65,0.36,0.176,0.471,0.444,1
"481",0.265,0.29,0.409,0.3,0.187,0.427,0.444,1
"482",0.152,0.156,0.467,0.256,0.148,0.5,0.444,1
"483",0.16,0.175,0.577,0.349,0.224,0.415,0.444,1
"484",0.279,0.257,0.518,0.272,0.134,0.423,0.444,1
"485",0.095,0.046,0.788,0.317,0.13,0.498,0.444,1
"486",0.123,0.09,0.704,0.263,0.126,0.47,0.444,1
"487",0.089,0.068,0.717,0.303,0.139,0.441,0.444,1
"488",0.426,0.457,0.363,0.308,0.21,0.409,0.444,1
"489",0.224,0.277,0.186,0.164,0.097,0.438,0.444,1
"490",0.117,0.146,0.438,0.216,0.098,0.47,0.444,1
"491",0.067,0.061,0.682,0.287,0.137,0.472,0.444,1
"492",0.131,0.127,0.59,0.335,0.188,0.484,0.444,1
"493",0.049,0.039,0.656,0.264,0.112,0.462,0.444,1
"494",0.018,0.028,0.544,0.213,0.091,0.422,0.444,1
"495",0.205,0.212,0.573,0.334,0.21,0.401,0.444,1
"496",0.174,0.174,0.438,0.254,0.148,0.405,0.444,1
"497",0.063,0.04,0.78,0.295,0.123,0.489,0.444,1
"498",0.11,0.068,0.741,0.309,0.138,0.444,0.444,1
"499",0.259,0.281,0.574,0.387,0.275,0.452,0.444,1
"500",0.244,0.241,0.597,0.338,0.2,0.475,0.444,1
"501",0.079,0.078,0.585,0.255,0.139,0.466,0.444,1
"502",0.142,0.139,0.614,0.313,0.185,0.406,0.444,1
"503",0.31,0.279,0.389,0.196,0.094,0.484,0.444,1
"504",0.178,0.183,0.618,0.383,0.243,0.489,0.444,1
"505",0.173,0.173,0.451,0.269,0.158,0.403,0.444,1
"506",0.369,0.345,0.389,0.166,0.08,0.494,0.444,1
"507",0.356,0.356,0.534,0.299,0.15,0.458,0.444,1
"508",0.342,0.259,0.718,0.37,0.184,0.404,0.444,1
"509",0.083,0.068,0.628,0.259,0.117,0.461,0.444,1
"510",0.347,0.356,0.306,0.13,0.062,0.442,0.444,1
"511",0.104,0.103,0.501,0.177,0.083,0.495,0.444,1
"512",0.074,0.064,0.661,0.282,0.131,0.432,0.444,1
"513",0.133,0.108,0.624,0.278,0.132,0.472,0.444,1
"514",0.389,0.366,0.244,0.105,0.056,0.422,0.444,1
"515",0.077,0.062,0.683,0.286,0.137,0.447,0.444,1
"516",0.117,0.115,0.543,0.339,0.199,0.408,0.444,1
"517",0.042,0.038,0.584,0.235,0.109,0.418,0.444,1
"518",0.224,0.233,0.414,0.306,0.198,0.419,0.444,1
"519",0.206,0.23,0.543,0.366,0.251,0.487,0.444,1
"520",0.08,0.067,0.653,0.277,0.131,0.477,0.444,1
"521",0.248,0.228,0.416,0.154,0.069,0.436,0.444,1
"522",0.056,0.078,0.506,0.236,0.117,0.449,0.444,1
"523",0.177,0.192,0.545,0.389,0.236,0.418,0.444,1
"524",0.298,0.288,0.306,0.122,0.064,0.482,0.444,1
"525",0.088,0.068,0.702,0.308,0.141,0.457,0.444,1
"526",0.096,0.105,0.482,0.309,0.177,0.463,0.444,1
"527",0.166,0.167,0.53,0.424,0.274,0.473,0.444,1
"528",0.172,0.179,0.54,0.368,0.226,0.484,0.444,1
"529",0.171,0.206,0.432,0.257,0.15,0.471,0.444,1
"530",0.114,0.089,0.705,0.286,0.134,0.5,0.444,1
"531",0.089,0.069,0.693,0.289,0.122,0.434,0.444,1
"532",0.225,0.219,0.587,0.386,0.24,0.524,0.556,1
"533",0.337,0.315,0.415,0.191,0.098,0.554,0.556,1
"534",0.082,0.069,0.649,0.25,0.128,0.592,0.556,1
"535",0.12,0.109,0.688,0.306,0.169,0.565,0.556,1
"536",0.409,0.378,0.511,0.3,0.152,0.534,0.556,1
"537",0.216,0.249,0.536,0.385,0.268,0.548,0.556,1
"538",0.093,0.105,0.498,0.289,0.17,0.585,0.556,1
"539",0.098,0.085,0.67,0.329,0.157,0.546,0.556,1
"540",0.091,0.076,0.695,0.309,0.146,0.561,0.556,1
"541",0.184,0.14,0.522,0.246,0.113,0.589,0.556,1
"542",0.088,0.075,0.634,0.293,0.148,0.502,0.556,1
"543",0.107,0.099,0.661,0.305,0.155,0.58,0.556,1
"544",0.062,0.077,0.531,0.239,0.126,0.513,0.556,1
"545",0.101,0.103,0.573,0.22,0.116,0.59,0.556,1
"546",0.117,0.122,0.531,0.316,0.193,0.512,0.556,1
"547",0.093,0.066,0.683,0.27,0.128,0.546,0.556,1
"548",0.083,0.042,0.802,0.31,0.127,0.579,0.556,1
"549",0.082,0.061,0.702,0.283,0.128,0.574,0.556,1
"550",0.193,0.21,0.594,0.432,0.309,0.567,0.556,1
"551",0.149,0.128,0.62,0.199,0.095,0.532,0.556,1
"552",0.224,0.256,0.553,0.42,0.302,0.529,0.556,1
"553",0.272,0.276,0.393,0.305,0.212,0.592,0.556,1
"554",0.124,0.094,0.685,0.317,0.141,0.521,0.556,1
"555",0.061,0.054,0.694,0.295,0.127,0.532,0.556,1
"556",0.178,0.185,0.434,0.264,0.149,0.544,0.556,1
"557",0.086,0.077,0.692,0.291,0.139,0.511,0.556,1
"558",0.096,0.079,0.672,0.311,0.154,0.535,0.556,1
"559",0.081,0.071,0.682,0.259,0.124,0.6,0.556,1
"560",0.36,0.344,0.418,0.214,0.112,0.58,0.556,1
"561",0.08,0.048,0.744,0.268,0.11,0.539,0.556,1
"562",0.28,0.265,0.41,0.155,0.075,0.578,0.556,1
"563",0.098,0.076,0.64,0.255,0.122,0.515,0.556,1
"564",0.207,0.205,0.474,0.3,0.178,0.512,0.556,1
"565",0.1,0.048,0.71,0.256,0.113,0.514,0.556,1
"566",0.09,0.059,0.695,0.256,0.12,0.543,0.556,1
"567",0.09,0.087,0.641,0.301,0.152,0.575,0.556,1
"568",0.187,0.197,0.516,0.454,0.316,0.546,0.556,1
"569",0.112,0.083,0.74,0.302,0.143,0.559,0.556,1
"570",0.036,0.047,0.617,0.265,0.113,0.574,0.556,1
"571",0.064,0.06,0.615,0.245,0.12,0.508,0.556,1
"572",0.182,0.185,0.571,0.35,0.212,0.557,0.556,1
"573",0.104,0.08,0.76,0.328,0.154,0.536,0.556,1
"574",0.05,0.028,0.779,0.293,0.117,0.541,0.556,1
"575",0.071,0.048,0.67,0.266,0.115,0.509,0.556,1
"576",0.088,0.088,0.655,0.281,0.138,0.585,0.556,1
"577",0.09,0.077,0.663,0.303,0.14,0.521,0.556,1
"578",0.122,0.113,0.572,0.361,0.214,0.545,0.556,1
"579",0.304,0.271,0.499,0.296,0.181,0.559,0.556,1
"580",0.103,0.087,0.691,0.283,0.137,0.551,0.556,1
"581",0.115,0.095,0.664,0.278,0.135,0.545,0.556,1
"582",0.253,0.205,0.609,0.288,0.128,0.533,0.556,1
"583",0.025,0.035,0.627,0.219,0.093,0.589,0.556,1
"584",0.217,0.233,0.578,0.415,0.265,0.538,0.556,1
"585",0.422,0.424,0.557,0.289,0.128,0.592,0.556,1
"586",0.051,0.045,0.654,0.269,0.112,0.53,0.556,1
"587",0.125,0.097,0.687,0.297,0.146,0.572,0.556,1
"588",0.239,0.249,0.442,0.313,0.207,0.545,0.556,1
"589",0.162,0.163,0.646,0.405,0.224,0.564,0.556,1
"590",0.124,0.088,0.671,0.286,0.133,0.591,0.556,1
"591",0.19,0.205,0.416,0.25,0.152,0.57,0.556,1
"592",0.391,0.385,0.479,0.315,0.163,0.513,0.556,1
"593",0.119,0.106,0.687,0.328,0.154,0.572,0.556,1
"594",0.116,0.109,0.674,0.34,0.174,0.54,0.556,1
"595",0.093,0.052,0.726,0.283,0.117,0.534,0.556,1
"596",0.285,0.291,0.425,0.327,0.202,0.553,0.556,1
"597",0.057,0.037,0.732,0.299,0.127,0.554,0.556,1
"598",0.206,0.209,0.466,0.255,0.151,0.557,0.556,1
"599",0.08,0.088,0.55,0.265,0.142,0.57,0.556,1
"600",0.041,0.028,0.779,0.298,0.121,0.511,0.556,1
"601",0.072,0.071,0.63,0.286,0.133,0.597,0.556,1
"602",0.168,0.168,0.553,0.296,0.164,0.556,0.556,1
"603",0.108,0.106,0.657,0.32,0.156,0.575,0.556,1
"604",0.101,0.051,0.695,0.297,0.143,0.6,0.556,1
"605",0.088,0.068,0.724,0.282,0.128,0.559,0.556,1
"606",0.143,0.137,0.468,0.221,0.129,0.552,0.556,1
"607",0.171,0.183,0.598,0.309,0.174,0.558,0.556,1
"608",0.02,0.039,0.625,0.261,0.111,0.586,0.556,1
"609",0.114,0.087,0.714,0.278,0.123,0.51,0.556,1
"610",0.075,0.062,0.668,0.269,0.117,0.57,0.556,1
"611",0.113,0.065,0.747,0.292,0.127,0.517,0.556,1
"612",0.058,0.047,0.667,0.262,0.112,0.558,0.556,1
"613",0.071,0.047,0.742,0.259,0.114,0.537,0.556,1
"614",0.069,0.069,0.605,0.247,0.121,0.598,0.556,1
"615",0.05,0.033,0.712,0.263,0.11,0.514,0.556,1
"616",0.362,0.331,0.357,0.143,0.07,0.525,0.556,1
"617",0.193,0.113,0.768,0.314,0.128,0.591,0.556,1
"618",0.164,0.181,0.461,0.38,0.258,0.51,0.556,1
"619",0.083,0.074,0.683,0.298,0.144,0.572,0.556,1
"620",0.054,0.045,0.66,0.255,0.112,0.551,0.556,1
"621",0.071,0.095,0.392,0.16,0.063,0.559,0.556,1
"622",0.098,0.084,0.624,0.291,0.137,0.595,0.556,1
"623",0.067,0.053,0.687,0.252,0.109,0.6,0.556,1
"624",0.062,0.06,0.628,0.274,0.127,0.559,0.556,1
"625",0.201,0.226,0.409,0.492,0.378,0.575,0.556,1
"626",0.094,0.076,0.705,0.26,0.121,0.549,0.556,1
"627",0.125,0.1,0.661,0.324,0.169,0.544,0.556,1
"628",0.136,0.106,0.691,0.304,0.149,0.563,0.556,1
"629",0.144,0.147,0.446,0.251,0.145,0.594,0.556,1
"630",0.131,0.158,0.536,0.313,0.176,0.547,0.556,1
"631",0.1,0.077,0.697,0.282,0.137,0.546,0.556,1
"632",0.099,0.082,0.705,0.265,0.115,0.529,0.556,1
"633",0.104,0.079,0.72,0.306,0.149,0.571,0.556,1
"634",0.157,0.124,0.66,0.293,0.148,0.51,0.556,1
"635",0.102,0.097,0.593,0.291,0.15,0.503,0.556,1
"636",0.105,0.126,0.525,0.272,0.145,0.533,0.556,1
"637",0.057,0.046,0.653,0.226,0.098,0.516,0.556,1
"638",0.088,0.045,0.727,0.287,0.124,0.554,0.556,1
"639",0.09,0.077,0.658,0.294,0.146,0.583,0.556,1
"640",0.095,0.07,0.704,0.3,0.135,0.524,0.556,1
"641",0.032,0.064,0.48,0.205,0.096,0.506,0.556,1
"642",0.197,0.124,0.742,0.313,0.133,0.625,0.667,1
"643",0.135,0.131,0.669,0.312,0.17,0.624,0.667,1
"644",0.044,0.035,0.757,0.275,0.113,0.689,0.667,1
"645",0.086,0.097,0.492,0.23,0.114,0.69,0.667,1
"646",0.094,0.084,0.631,0.302,0.145,0.688,0.667,1
"647",0.131,0.118,0.549,0.265,0.128,0.619,0.667,1
"648",0.093,0.088,0.621,0.297,0.164,0.662,0.667,1
"649",0.055,0.052,0.606,0.252,0.118,0.696,0.667,1
"650",0.055,0.037,0.697,0.299,0.135,0.647,0.667,1
"651",0.187,0.185,0.465,0.266,0.143,0.633,0.667,1
"652",0.044,0.038,0.74,0.297,0.128,0.66,0.667,1
"653",0.101,0.088,0.656,0.337,0.187,0.69,0.667,1
"654",0.137,0.115,0.606,0.359,0.203,0.671,0.667,1
"655",0.122,0.075,0.741,0.258,0.112,0.66,0.667,1
"656",0.063,0.052,0.634,0.231,0.1,0.68,0.667,1
"657",0.374,0.367,0.571,0.325,0.167,0.622,0.667,1
"658",0.265,0.245,0.501,0.296,0.166,0.651,0.667,1
"659",0.108,0.056,0.719,0.265,0.113,0.624,0.667,1
"660",0.123,0.113,0.597,0.312,0.17,0.623,0.667,1
"661",0.078,0.067,0.632,0.285,0.138,0.623,0.667,1
"662",0.089,0.083,0.624,0.276,0.134,0.667,0.667,1
"663",0.088,0.061,0.64,0.261,0.117,0.678,0.667,1
"664",0.047,0.056,0.62,0.286,0.125,0.601,0.667,1
"665",0.034,0.032,0.684,0.206,0.085,0.695,0.667,1
"666",0.046,0.045,0.616,0.179,0.075,0.681,0.667,1
"667",0.026,0.028,0.715,0.271,0.113,0.687,0.667,1
"668",0.028,0.043,0.648,0.26,0.109,0.619,0.667,1
"669",0.232,0.259,0.4,0.518,0.385,0.628,0.667,1
"670",0.081,0.06,0.692,0.255,0.122,0.602,0.667,1
"671",0.243,0.231,0.444,0.302,0.192,0.63,0.667,1
"672",0.113,0.073,0.709,0.271,0.122,0.655,0.667,1
"673",0.059,0.032,0.767,0.293,0.122,0.652,0.667,1
"674",0.201,0.174,0.494,0.212,0.094,0.668,0.667,1
"675",0.061,0.041,0.701,0.286,0.121,0.7,0.667,1
"676",0.118,0.11,0.599,0.176,0.075,0.682,0.667,1
"677",0.092,0.079,0.7,0.303,0.145,0.651,0.667,1
"678",0.29,0.249,0.5,0.23,0.117,0.666,0.667,1
"679",0.067,0.062,0.707,0.284,0.123,0.7,0.667,1
"680",0.076,0.033,0.743,0.283,0.115,0.693,0.667,1
"681",0.125,0.066,0.728,0.3,0.126,0.607,0.667,1
"682",0.29,0.303,0.415,0.319,0.171,0.617,0.667,1
"683",0.155,0.149,0.635,0.351,0.194,0.62,0.667,1
"684",0.099,0.087,0.691,0.309,0.151,0.652,0.667,1
"685",0.059,0.061,0.58,0.246,0.122,0.604,0.667,1
"686",0.256,0.251,0.451,0.276,0.166,0.604,0.667,1
"687",0.185,0.205,0.428,0.237,0.149,0.631,0.667,1
"688",0.155,0.134,0.52,0.244,0.135,0.614,0.667,1
"689",0.05,0.058,0.57,0.25,0.118,0.665,0.667,1
"690",0.137,0.088,0.759,0.312,0.148,0.676,0.667,1
"691",0.073,0.054,0.69,0.261,0.123,0.655,0.667,1
"692",0.096,0.084,0.645,0.286,0.138,0.606,0.667,1
"693",0.039,0.053,0.625,0.28,0.123,0.672,0.667,1
"694",0.095,0.04,0.788,0.302,0.122,0.657,0.667,1
"695",0.243,0.231,0.518,0.252,0.132,0.696,0.667,1
"696",0.114,0.129,0.58,0.316,0.166,0.672,0.667,1
"697",0.085,0.065,0.691,0.308,0.141,0.643,0.667,1
"698",0.227,0.205,0.493,0.289,0.156,0.63,0.667,1
"699",0.091,0.074,0.633,0.256,0.126,0.609,0.667,1
"700",0.202,0.169,0.524,0.287,0.168,0.612,0.667,1
"701",0.271,0.24,0.504,0.251,0.135,0.661,0.667,1
"702",0.081,0.07,0.618,0.273,0.127,0.687,0.667,1
"703",0.039,0.036,0.64,0.214,0.096,0.615,0.667,1
"704",0.13,0.138,0.628,0.373,0.219,0.674,0.667,1
"705",0.082,0.061,0.665,0.276,0.134,0.646,0.667,1
"706",0.026,0.044,0.403,0.133,0.056,0.676,0.667,1
"707",0.051,0.058,0.593,0.233,0.117,0.687,0.667,1
"708",0.133,0.117,0.653,0.336,0.168,0.677,0.667,1
"709",0.099,0.092,0.647,0.322,0.167,0.643,0.667,1
"710",0.09,0.075,0.729,0.303,0.146,0.682,0.667,1
"711",0.262,0.241,0.49,0.32,0.174,0.658,0.667,1
"712",0.232,0.228,0.509,0.268,0.153,0.65,0.667,1
"713",0.044,0.041,0.669,0.229,0.093,0.67,0.667,1
"714",0.279,0.259,0.421,0.164,0.081,0.685,0.667,1
"715",0.072,0.029,0.726,0.266,0.103,0.684,0.667,1
"716",0.207,0.21,0.583,0.413,0.28,0.659,0.667,1
"717",0.109,0.108,0.493,0.244,0.119,0.671,0.667,1
"718",0.376,0.394,0.387,0.378,0.268,0.643,0.667,1
"719",0.104,0.122,0.448,0.314,0.202,0.607,0.667,1
"720",0.06,0.054,0.721,0.29,0.126,0.686,0.667,1
"721",0.089,0.039,0.72,0.276,0.114,0.631,0.667,1
"722",0.08,0.079,0.615,0.263,0.123,0.686,0.667,1
"723",0.09,0.09,0.593,0.296,0.154,0.611,0.667,1
"724",0.098,0.115,0.453,0.233,0.128,0.646,0.667,1
"725",0.3,0.273,0.381,0.151,0.072,0.613,0.667,1
"726",0.137,0.136,0.523,0.236,0.129,0.644,0.667,1
"727",0.059,0.026,0.784,0.295,0.119,0.647,0.667,1
"728",0.064,0.091,0.425,0.229,0.126,0.671,0.667,1
"729",0.122,0.112,0.615,0.282,0.136,0.63,0.667,1
"730",0.089,0.079,0.725,0.303,0.143,0.601,0.667,1
"731",0.105,0.067,0.746,0.265,0.123,0.697,0.667,1
"732",0.077,0.067,0.637,0.246,0.113,0.622,0.667,1
"733",0.188,0.187,0.455,0.257,0.164,0.645,0.667,1
"734",0.083,0.072,0.655,0.281,0.132,0.632,0.667,1
"735",0.034,0.029,0.64,0.238,0.106,0.69,0.667,1
"736",0.066,0.033,0.719,0.261,0.105,0.694,0.667,1
"737",0.057,0.05,0.662,0.28,0.12,0.684,0.667,1
"738",0.229,0.238,0.436,0.278,0.168,0.608,0.667,1
"739",0.083,0.061,0.649,0.238,0.103,0.66,0.667,1
"740",0.067,0.047,0.706,0.252,0.104,0.698,0.667,1
"741",0.065,0.055,0.739,0.237,0.097,0.67,0.667,1
"742",0.148,0.097,0.754,0.285,0.128,0.673,0.667,1
"743",0.002,0.005,0.662,0.19,0.075,0.623,0.667,1
"744",0.091,0.068,0.62,0.271,0.128,0.693,0.667,1
"745",0.124,0.127,0.496,0.248,0.133,0.601,0.667,1
"746",0.034,0.048,0.542,0.205,0.102,0.675,0.667,1
"747",0.085,0.058,0.726,0.264,0.119,0.685,0.667,1
"748",0.089,0.075,0.755,0.265,0.118,0.672,0.667,1
"749",0.169,0.162,0.527,0.234,0.13,0.692,0.667,1
"750",0.088,0.027,0.785,0.292,0.117,0.674,0.667,1
"751",0.096,0.082,0.648,0.292,0.148,0.68,0.667,1
"752",0.07,0.06,0.668,0.257,0.122,0.704,0.778,1
"753",0.034,0.016,0.783,0.253,0.105,0.768,0.778,1
"754",0.043,0.046,0.602,0.204,0.089,0.797,0.778,1
"755",0.069,0.047,0.721,0.274,0.117,0.73,0.778,1
"756",0.058,0.058,0.662,0.25,0.112,0.763,0.778,1
"757",0.115,0.073,0.705,0.273,0.124,0.782,0.778,1
"758",0.067,0.058,0.657,0.247,0.112,0.742,0.778,1
"759",0.083,0.056,0.69,0.235,0.101,0.776,0.778,1
"760",0.189,0.138,0.64,0.244,0.108,0.791,0.778,1
"761",0.101,0.102,0.565,0.286,0.165,0.755,0.778,1
"762",0.067,0.058,0.7,0.287,0.125,0.752,0.778,1
"763",0.034,0.032,0.705,0.229,0.098,0.72,0.778,1
"764",0.059,0.027,0.742,0.292,0.117,0.769,0.778,1
"765",0.104,0.093,0.568,0.22,0.098,0.721,0.778,1
"766",0.088,0.106,0.483,0.291,0.165,0.752,0.778,1
"767",0.189,0.167,0.511,0.217,0.1,0.771,0.778,1
"768",0.095,0.07,0.684,0.25,0.112,0.703,0.778,1
"769",0.064,0.06,0.679,0.247,0.113,0.785,0.778,1
"770",0.105,0.065,0.741,0.272,0.116,0.771,0.778,1
"771",0.095,0.063,0.703,0.276,0.12,0.771,0.778,1
"772",0.08,0.068,0.67,0.263,0.113,0.748,0.778,1
"773",0.015,0.041,0.588,0.248,0.11,0.738,0.778,1
"774",0.067,0.06,0.611,0.235,0.104,0.788,0.778,1
"775",0.019,0.029,0.682,0.233,0.092,0.782,0.778,1
"776",0.053,0.044,0.664,0.229,0.099,0.78,0.778,1
"777",0.256,0.279,0.431,0.315,0.222,0.751,0.778,1
"778",0.057,0.037,0.701,0.262,0.107,0.739,0.778,1
"779",0.163,0.163,0.441,0.227,0.138,0.753,0.778,1
"780",0.164,0.167,0.486,0.242,0.137,0.753,0.778,1
"781",0.108,0.034,0.771,0.284,0.112,0.776,0.778,1
"782",0.096,0.082,0.669,0.259,0.124,0.766,0.778,1
"783",0.109,0.08,0.648,0.239,0.103,0.715,0.778,1
"784",0.144,0.081,0.743,0.317,0.137,0.735,0.778,1
"785",0.306,0.291,0.416,0.174,0.096,0.745,0.778,1
"786",0.146,0.15,0.619,0.333,0.194,0.749,0.778,1
"787",0.247,0.141,0.82,0.35,0.144,0.735,0.778,1
"788",0.089,0.073,0.648,0.266,0.124,0.753,0.778,1
"789",0.099,0.082,0.683,0.29,0.14,0.715,0.778,1
"790",0.034,0.019,0.71,0.265,0.107,0.751,0.778,1
"791",0.041,0.039,0.669,0.221,0.093,0.742,0.778,1
"792",0.072,0.062,0.693,0.251,0.114,0.747,0.778,1
"793",0.028,0.04,0.517,0.218,0.098,0.726,0.778,1
"794",0.046,0.034,0.678,0.267,0.112,0.767,0.778,1
"795",0.043,0.046,0.627,0.251,0.108,0.721,0.778,1
"796",0.18,0.158,0.577,0.28,0.142,0.705,0.778,1
"797",0.093,0.075,0.639,0.295,0.148,0.726,0.778,1
"798",0.077,0.05,0.702,0.283,0.134,0.757,0.778,1
"799",0.321,0.309,0.527,0.264,0.124,0.748,0.778,1
"800",0.073,0.077,0.617,0.27,0.13,0.788,0.778,1
"801",0.083,0.09,0.572,0.297,0.163,0.76,0.778,1
"802",0.103,0.092,0.642,0.272,0.131,0.729,0.778,1
"803",0.082,0.062,0.76,0.283,0.121,0.729,0.778,1
"804",0.096,0.067,0.524,0.236,0.117,0.79,0.778,1
"805",0.109,0.104,0.629,0.333,0.174,0.765,0.778,1
"806",0.098,0.08,0.683,0.295,0.137,0.704,0.778,1
"807",0.083,0.062,0.687,0.224,0.097,0.767,0.778,1
"808",0.377,0.345,0.449,0.197,0.1,0.749,0.778,1
"809",0.097,0.077,0.668,0.304,0.141,0.796,0.778,1
"810",0.055,0.041,0.66,0.25,0.123,0.763,0.778,1
"811",0.051,0.069,0.544,0.241,0.122,0.762,0.778,1
"812",0.114,0.082,0.718,0.261,0.115,0.707,0.778,1
"813",0.105,0.041,0.799,0.29,0.115,0.715,0.778,1
"814",0.177,0.169,0.454,0.25,0.15,0.719,0.778,1
"815",0.183,0.117,0.743,0.299,0.127,0.765,0.778,1
"816",0.189,0.123,0.738,0.3,0.132,0.772,0.778,1
"817",0.306,0.288,0.564,0.282,0.138,0.773,0.778,1
"818",0.214,0.195,0.488,0.251,0.144,0.74,0.778,1
"819",0.109,0.06,0.762,0.291,0.122,0.764,0.778,1
"820",0.12,0.1,0.565,0.227,0.102,0.731,0.778,1
"821",0.036,0.037,0.689,0.245,0.106,0.728,0.778,1
"822",0.137,0.107,0.617,0.25,0.124,0.789,0.778,1
"823",0.149,0.09,0.773,0.283,0.117,0.753,0.778,1
"824",0.168,0.158,0.617,0.38,0.239,0.758,0.778,1
"825",0.095,0.08,0.715,0.303,0.14,0.768,0.778,1
"826",0.089,0.086,0.672,0.315,0.159,0.793,0.778,1
"827",0.216,0.189,0.548,0.203,0.087,0.712,0.778,1
"828",0.037,0.029,0.751,0.234,0.093,0.752,0.778,1
"829",0.054,0.043,0.67,0.243,0.102,0.729,0.778,1
"830",0.134,0.094,0.734,0.306,0.14,0.768,0.778,1
"831",0.137,0.156,0.538,0.278,0.161,0.73,0.778,1
"832",0.037,0.036,0.646,0.214,0.089,0.714,0.778,1
"833",0.096,0.076,0.723,0.291,0.134,0.745,0.778,1
"834",0.086,0.063,0.685,0.297,0.131,0.763,0.778,1
"835",0.059,0.048,0.653,0.228,0.1,0.745,0.778,1
"836",0.128,0.093,0.632,0.231,0.101,0.777,0.778,1
"837",0.083,0.043,0.79,0.29,0.123,0.728,0.778,1
"838",0.097,0.086,0.683,0.298,0.144,0.796,0.778,1
"839",0.105,0.086,0.678,0.27,0.132,0.703,0.778,1
"840",0.087,0.078,0.672,0.281,0.135,0.749,0.778,1
"841",0.068,0.046,0.68,0.277,0.118,0.755,0.778,1
"842",0.075,0.04,0.701,0.279,0.115,0.798,0.778,1
"843",0.105,0.1,0.617,0.252,0.124,0.774,0.778,1
"844",0.068,0.059,0.686,0.265,0.117,0.792,0.778,1
"845",0.036,0.04,0.58,0.219,0.1,0.755,0.778,1
"846",0.054,0.053,0.637,0.232,0.1,0.755,0.778,1
"847",0.058,0.056,0.647,0.289,0.139,0.765,0.778,1
"848",0.06,0.038,0.709,0.27,0.111,0.741,0.778,1
"849",0.096,0.078,0.686,0.272,0.129,0.786,0.778,1
"850",0.075,0.067,0.645,0.27,0.128,0.772,0.778,1
"851",0.272,0.273,0.49,0.205,0.123,0.715,0.778,1
"852",0.105,0.115,0.519,0.244,0.1,0.748,0.778,1
"853",0.164,0.166,0.505,0.242,0.123,0.793,0.778,1
"854",0.098,0.072,0.709,0.264,0.126,0.742,0.778,1
"855",0.084,0.072,0.632,0.263,0.126,0.771,0.778,1
"856",0.057,0.024,0.682,0.233,0.096,0.778,0.778,1
"857",0.077,0.069,0.629,0.251,0.122,0.774,0.778,1
"858",0.088,0.08,0.628,0.279,0.129,0.713,0.778,1
"859",0.091,0.047,0.775,0.266,0.105,0.701,0.778,1
"860",0.073,0.05,0.684,0.243,0.102,0.772,0.778,1
"861",0.023,0.026,0.665,0.233,0.103,0.897,0.889,1
"862",0.034,0.019,0.728,0.26,0.114,0.853,0.889,1
"863",0.099,0.06,0.658,0.276,0.125,0.81,0.889,1
"864",0.055,0.043,0.714,0.253,0.107,0.861,0.889,1
"865",0.055,0.053,0.655,0.238,0.102,0.854,0.889,1
"866",0.058,0.049,0.675,0.26,0.115,0.807,0.889,1
"867",0.07,0.039,0.752,0.314,0.14,0.846,0.889,1
"868",0.178,0.145,0.55,0.197,0.09,0.806,0.889,1
"869",0.031,0.058,0.577,0.285,0.136,0.884,0.889,1
"870",0.035,0.054,0.623,0.269,0.118,0.874,0.889,1
"871",0.086,0.06,0.673,0.258,0.116,0.831,0.889,1
"872",0.039,0.035,0.701,0.278,0.12,0.845,0.889,1
"873",0.219,0.204,0.524,0.211,0.107,0.864,0.889,1
"874",0.211,0.124,0.72,0.352,0.169,0.881,0.889,1
"875",0.042,0.037,0.604,0.208,0.086,0.835,0.889,1
"876",0.147,0.115,0.685,0.296,0.135,0.801,0.889,1
"877",0.039,0.035,0.698,0.219,0.089,0.864,0.889,1
"878",0.056,0.044,0.725,0.268,0.118,0.899,0.889,1
"879",0.068,0.059,0.655,0.273,0.117,0.858,0.889,1
"880",0.019,0.015,0.739,0.241,0.1,0.889,0.889,1
"881",0.039,0.039,0.625,0.21,0.088,0.801,0.889,1
"882",0.192,0.109,0.722,0.334,0.152,0.872,0.889,1
"883",0.055,0.053,0.609,0.236,0.112,0.855,0.889,1
"884",0.08,0.082,0.58,0.214,0.102,0.866,0.889,1
"885",0.08,0.061,0.68,0.272,0.123,0.82,0.889,1
"886",0.037,0.021,0.766,0.268,0.105,0.832,0.889,1
"887",0.036,0.047,0.674,0.254,0.108,0.863,0.889,1
"888",0.076,0.031,0.729,0.289,0.118,0.835,0.889,1
"889",0.083,0.065,0.654,0.24,0.11,0.865,0.889,1
"890",0.118,0.089,0.68,0.288,0.129,0.815,0.889,1
"891",0.049,0.036,0.747,0.268,0.108,0.874,0.889,1
"892",0.112,0.07,0.743,0.259,0.106,0.812,0.889,1
"893",0.187,0.108,0.722,0.336,0.154,0.877,0.889,1
"894",0.067,0.049,0.645,0.233,0.099,0.856,0.889,1
"895",0.064,0.055,0.716,0.264,0.113,0.868,0.889,1
"896",0.055,0.058,0.56,0.273,0.139,0.801,0.889,1
"897",0.083,0.064,0.74,0.255,0.109,0.868,0.889,1
"898",0.121,0.094,0.687,0.296,0.138,0.833,0.889,1
"899",0.049,0.046,0.657,0.233,0.102,0.854,0.889,1
"900",0.052,0.038,0.737,0.292,0.123,0.892,0.889,1
"901",0.065,0.053,0.629,0.218,0.098,0.861,0.889,1
"902",0.24,0.206,0.531,0.199,0.088,0.842,0.889,1
"903",0.097,0.073,0.725,0.32,0.157,0.889,0.889,1
"904",0.037,0.026,0.734,0.231,0.094,0.874,0.889,1
"905",0.097,0.07,0.68,0.29,0.137,0.842,0.889,1
"906",0.086,0.073,0.672,0.275,0.128,0.876,0.889,1
"907",0.163,0.13,0.616,0.264,0.141,0.843,0.889,1
"908",0.035,0.059,0.579,0.284,0.131,0.896,0.889,1
"909",0.039,0.038,0.61,0.217,0.103,0.833,0.889,1
"910",0.096,0.064,0.582,0.221,0.098,0.865,0.889,1
"911",0.062,0.024,0.682,0.256,0.104,0.894,0.889,1
"912",0.113,0.067,0.759,0.265,0.111,0.846,0.889,1
"913",0.135,0.091,0.662,0.234,0.102,0.886,0.889,1
"914",0.051,0.06,0.692,0.297,0.13,0.858,0.889,1
"915",0.083,0.062,0.712,0.252,0.111,0.861,0.889,1
"916",0.031,0.05,0.595,0.264,0.118,0.88,0.889,1
"917",0.103,0.063,0.686,0.284,0.131,0.888,0.889,1
"918",0.093,0.054,0.709,0.244,0.099,0.897,0.889,1
"919",0.099,0.068,0.728,0.276,0.123,0.861,0.889,1
"920",0.27,0.23,0.473,0.195,0.095,0.804,0.889,1
"921",0.04,0.032,0.66,0.231,0.099,0.89,0.889,1
"922",0.056,0.047,0.688,0.222,0.092,0.881,0.889,1
"923",0.051,0.064,0.657,0.263,0.119,0.898,0.889,1
"924",0.164,0.136,0.598,0.226,0.115,0.854,0.889,1
"925",0.084,0.076,0.601,0.239,0.117,0.871,0.889,1
"926",0.09,0.055,0.764,0.269,0.117,0.83,0.889,1
"927",0.123,0.092,0.689,0.282,0.129,0.891,0.889,1
"928",0.194,0.112,0.804,0.312,0.138,0.845,0.889,1
"929",0.066,0.057,0.663,0.217,0.097,0.829,0.889,1
"930",0.049,0.043,0.736,0.269,0.111,0.857,0.889,1
"931",0.063,0.062,0.591,0.197,0.091,0.875,0.889,1
"932",0.145,0.12,0.605,0.216,0.098,0.847,0.889,1
"933",0.129,0.095,0.672,0.239,0.103,0.812,0.889,1
"934",0.078,0.047,0.717,0.255,0.104,0.872,0.889,1
"935",0.052,0.048,0.627,0.229,0.104,0.803,0.889,1
"936",0.092,0.094,0.516,0.212,0.088,0.83,0.889,1
"937",0.119,0.085,0.677,0.262,0.109,0.82,0.889,1
"938",0.21,0.126,0.677,0.336,0.15,0.895,0.889,1
"939",0.042,0.05,0.639,0.271,0.124,0.886,0.889,1
"940",0.079,0.067,0.663,0.265,0.117,0.812,0.889,1
"941",0.098,0.081,0.675,0.258,0.12,0.862,0.889,1
"942",0.037,0.028,0.705,0.258,0.104,0.846,0.889,1
"943",0.047,0.043,0.655,0.22,0.094,0.857,0.889,1
"944",0.189,0.174,0.538,0.204,0.089,0.893,0.889,1
"945",0.221,0.231,0.464,0.236,0.113,0.852,0.889,1
"946",0.046,0.033,0.619,0.19,0.077,0.853,0.889,1
"947",0.059,0.049,0.731,0.284,0.125,0.823,0.889,1
"948",0.084,0.063,0.768,0.286,0.118,0.82,0.889,1
"949",0.074,0.055,0.722,0.257,0.108,0.878,0.889,1
"950",0.109,0.093,0.685,0.342,0.175,0.805,0.889,1
"951",0.097,0.063,0.612,0.228,0.098,0.82,0.889,1
"952",0.072,0.07,0.614,0.219,0.1,0.898,0.889,1
"953",0.128,0.082,0.79,0.291,0.132,0.883,0.889,1
"954",0.077,0.039,0.834,0.288,0.127,0.873,0.889,1
"955",0.066,0.042,0.679,0.216,0.085,0.899,0.889,1
"956",0.059,0.039,0.771,0.292,0.121,0.875,0.889,1
"957",0.133,0.089,0.72,0.278,0.124,0.888,0.889,1
"958",0.043,0.056,0.63,0.274,0.121,0.819,0.889,1
"959",0.113,0.066,0.689,0.262,0.112,0.832,0.889,1
"960",0.108,0.056,0.671,0.248,0.102,0.85,0.889,1
"961",0.017,0.021,0.648,0.203,0.081,0.872,0.889,1
"962",0.053,0.059,0.668,0.254,0.115,0.84,0.889,1
"963",0.041,0.025,0.744,0.257,0.103,0.817,0.889,1
"964",0.064,0.045,0.67,0.227,0.094,0.837,0.889,1
"965",0.012,0.024,0.615,0.226,0.094,0.88,0.889,1
"966",0.041,0.035,0.677,0.256,0.107,0.848,0.889,1
"967",0.021,0.022,0.641,0.219,0.087,0.845,0.889,1
"968",0.059,0.047,0.664,0.24,0.1,0.897,0.889,1
"969",0.089,0.076,0.712,0.273,0.127,0.868,0.889,1
"970",0.083,0.071,0.671,0.26,0.121,0.864,0.889,1
"971",0.092,0.047,0.783,0.29,0.121,0.973,1,1
"972",0.122,0.077,0.769,0.276,0.116,0.997,1,1
"973",0.073,0.052,0.723,0.308,0.135,0.98,1,1
"974",0.034,0.05,0.607,0.276,0.124,0.983,1,1
"975",0.047,0.054,0.66,0.259,0.118,0.976,1,1
"976",0.071,0.059,0.733,0.287,0.121,0.986,1,1
"977",0.218,0.129,0.748,0.363,0.174,0.981,1,1
"978",0.05,0.05,0.647,0.267,0.117,0.957,1,1
"979",0.034,0.028,0.74,0.229,0.087,0.984,1,1
"980",0.032,0.055,0.626,0.273,0.121,0.956,1,1
"981",0.187,0.114,0.724,0.36,0.163,0.987,1,1
"982",0.026,0.031,0.667,0.268,0.111,0.909,1,1
"983",0.045,0.035,0.683,0.269,0.116,0.978,1,1
"984",0.039,0.063,0.599,0.269,0.121,0.982,1,1
"985",0.166,0.104,0.696,0.333,0.152,0.964,1,1
"986",0.005,0,0.79,0.198,0.067,0.946,1,1
"987",0,0.039,0.538,0.249,0.111,0.969,1,1
"988",0.004,0.008,0.729,0.216,0.084,0.975,1,1
"989",0.046,0.058,0.638,0.276,0.121,0.99,1,1
"990",0.199,0.118,0.737,0.337,0.154,0.972,1,1
"991",0.044,0.036,0.698,0.272,0.119,0.993,1,1
"992",0.051,0.059,0.645,0.28,0.124,0.959,1,1
"993",0.029,0.039,0.646,0.255,0.111,0.955,1,1
"994",0.074,0.06,0.685,0.285,0.126,0.968,1,1
"995",0.037,0.037,0.697,0.269,0.116,0.994,1,1
"996",0.041,0.026,0.714,0.264,0.109,0.906,1,1
"997",0.054,0.066,0.645,0.288,0.13,0.976,1,1
"998",0.065,0.031,0.784,0.28,0.114,0.981,1,1
"999",0.078,0.037,0.769,0.247,0.099,0.958,1,1
"1000",0.036,0.041,0.634,0.24,0.11,0.968,1,1
"1001",0.012,0.013,0.782,0.211,0.075,0.994,1,1
"1002",0.041,0.061,0.589,0.282,0.129,0.953,1,1
"1003",0.043,0.063,0.613,0.285,0.131,0.978,1,1
"1004",0.058,0.049,0.689,0.271,0.123,0.959,1,1
"1005",0.066,0.051,0.735,0.259,0.113,0.916,1,1
"1006",0.078,0.055,0.667,0.218,0.092,0.973,1,1
"1007",0.025,0.03,0.654,0.238,0.097,0.983,1,1
"1008",0.056,0.046,0.67,0.231,0.097,0.972,1,1
"1009",0.084,0.064,0.698,0.306,0.132,0.991,1,1
"1010",0.148,0.089,0.754,0.326,0.145,0.983,1,1
"1011",0.023,0.05,0.565,0.271,0.124,0.929,1,1
"1012",0.128,0.135,0.592,0.321,0.178,0.971,1,1
"1013",0.052,0.044,0.692,0.239,0.098,0.919,1,1
"1014",0.192,0.1,0.762,0.334,0.144,0.959,1,1
"1015",0.03,0.052,0.6,0.267,0.118,0.972,1,1
"1016",0.057,0.06,0.639,0.293,0.128,0.961,1,1
"1017",0.087,0.056,0.74,0.262,0.107,0.988,1,1
"1018",0.074,0.037,0.817,0.28,0.115,0.995,1,1
"1019",0.046,0.059,0.648,0.281,0.123,0.976,1,1
"1020",0.028,0.055,0.598,0.266,0.118,0.936,1,1
"1021",0.059,0.048,0.657,0.217,0.089,0.92,1,1
"1022",0.04,0.038,0.711,0.264,0.11,0.978,1,1
"1023",0.049,0.062,0.667,0.284,0.123,0.978,1,1
"1024",0.026,0.058,0.554,0.271,0.129,0.953,1,1
"1025",0.029,0.056,0.567,0.274,0.126,0.95,1,1
"1026",0.187,0.108,0.753,0.354,0.161,0.983,1,1
"1027",0.096,0.054,0.778,0.285,0.12,0.972,1,1
"1028",0.073,0.055,0.723,0.235,0.101,0.933,1,1
"1029",0.072,0.057,0.689,0.29,0.132,0.982,1,1
"1030",0.019,0.004,0.792,0.237,0.089,0.991,1,1
"1031",0.07,0.035,0.814,0.255,0.103,0.902,1,1
"1032",0.033,0.054,0.615,0.262,0.116,0.963,1,1
"1033",0.056,0.051,0.613,0.226,0.102,0.971,1,1
"1034",0.053,0.041,0.693,0.27,0.121,0.979,1,1
"1035",0.076,0.031,0.885,0.305,0.119,1,1,1
"1036",0.043,0.053,0.653,0.283,0.124,0.981,1,1
"1037",0.036,0.038,0.647,0.275,0.124,0.986,1,1
"1038",0.042,0.035,0.699,0.258,0.111,0.992,1,1
"1039",0.059,0.058,0.675,0.263,0.117,0.971,1,1
"1040",0.077,0.04,0.821,0.288,0.121,0.992,1,1
"1041",0.055,0.068,0.616,0.292,0.131,0.978,1,1
"1042",0.073,0.05,0.7,0.231,0.09,0.99,1,1
"1043",0.046,0.06,0.616,0.286,0.128,0.966,1,1
"1044",0.115,0.095,0.625,0.278,0.142,0.954,1,1
"1045",0.029,0.012,0.876,0.244,0.089,0.998,1,1
"1046",0.046,0.056,0.645,0.265,0.117,0.976,1,1
"1047",0.035,0.025,0.712,0.258,0.109,0.931,1,1
"1048",0.023,0.001,0.895,0.239,0.085,0.997,1,1
"1049",0.045,0.046,0.663,0.245,0.1,0.979,1,1
"1050",0.033,0.048,0.618,0.261,0.114,0.988,1,1
"1051",0.021,0.059,0.561,0.271,0.126,0.973,1,1
"1052",0.052,0.036,0.782,0.29,0.121,0.994,1,1
"1053",0.022,0.025,0.678,0.225,0.091,0.903,1,1
"1054",0.063,0.039,0.736,0.289,0.127,0.977,1,1
"1055",0.027,0.06,0.566,0.278,0.129,0.911,1,1
"1056",0.065,0.061,0.721,0.283,0.12,0.993,1,1
"1057",0.059,0.046,0.725,0.25,0.102,0.991,1,1
"1058",0.053,0.066,0.637,0.289,0.127,0.974,1,1
"1059",0.063,0.076,0.639,0.297,0.136,0.982,1,1
"1060",0.034,0.056,0.636,0.274,0.12,0.979,1,1
"1061",0.048,0.062,0.653,0.268,0.118,0.989,1,1
"1062",0.183,0.118,0.72,0.32,0.149,0.949,1,1
"1063",0.035,0.018,0.797,0.233,0.093,0.97,1,1
"1064",0.065,0.04,0.715,0.245,0.107,0.963,1,1
"1065",0.032,0.034,0.707,0.261,0.108,0.978,1,1
"1066",0.055,0.047,0.723,0.277,0.116,0.974,1,1
"1067",0.013,0.009,0.734,0.234,0.094,0.956,1,1
"1068",0.049,0.04,0.665,0.257,0.108,0.966,1,1
"1069",0.077,0.061,0.684,0.231,0.101,0.93,1,1
"1070",0.123,0.077,0.671,0.22,0.088,0.965,1,1
"1071",0.024,0.049,0.585,0.267,0.119,0.972,1,1
"1072",0.204,0.12,0.757,0.357,0.162,0.979,1,1
"1073",0.052,0.062,0.643,0.278,0.121,0.975,1,1
"1074",0.024,0.053,0.581,0.264,0.117,0.966,1,1
"1075",0.04,0.063,0.624,0.28,0.126,0.972,1,1
"1076",0.114,0.071,0.699,0.256,0.109,0.937,1,1
"1077",0.043,0.026,0.788,0.27,0.109,0.977,1,1
"1078",0.081,0.041,0.835,0.3,0.12,0.988,1,1
"1079",0.046,0.06,0.659,0.282,0.123,0.989,1,1
"1080",0.208,0.117,0.751,0.35,0.159,0.943,1,1
